<?xml version="1.0" encoding="UTF-8"?>
<project-private xmlns="http://www.netbeans.org/ns/project-private/1">
    <editor-bookmarks xmlns="http://www.netbeans.org/ns/editor-bookmarks/2" lastBookmarkId="0"/>
    <open-files xmlns="http://www.netbeans.org/ns/projectui-open-files/2">
        <group>
            <file>file:/var/www/example/app/Asset.php</file>
            <file>file:/var/www/example/database/factories/AssetsFactory.php</file>
            <file>file:/var/www/example/config/app.php</file>
            <file>file:/var/www/example/resources/views/assets/index.blade.php</file>
            <file>file:/var/www/example/config/auth.php</file>
            <file>file:/var/www/example/database/seeds/AssetsSeeder.php</file>
            <file>file:/var/www/example/app/User.php</file>
            <file>file:/var/www/example/database/seeds/DatabaseSeeder.php</file>
            <file>file:/var/www/example/resources/views/assets/create.blade.php</file>
        </group>
    </open-files>
</project-private>
